Name,Hex  (RGB),Red  (RGB),Green  (RGB),Blue  (RGB)
Absolute Zero,#0048BA,0%,28%,73%
Acid green,#B0BF1A,69%,75%,10%
Aero,#7CB9E8,49%,73%,91%
African violet,#B284BE,70%,52%,75%
Air superiority blue,#72A0C1,45%,63%,76%
Alice blue,#F0F8FF,94%,97%,100%
Alizarin,#DB2D43,86%,18%,26%
Alloy orange,#C46210,77%,38%,6%
Almond,#EED9C4,93%,85%,77%
Amaranth deep purple,#9F2B68,62%,17%,41%
Amaranth pink,#F19CBB,95%,61%,73%
Amaranth purple,#AB274F,67%,15%,31%
Amazon,#3B7A57,23%,48%,34%
Amber,#FFBF00,100%,75%,0%
Amethyst,#9966CC,60%,40%,80%
Android green,#3DDC84,24%,86%,53%
Antique brass,#C88A65,78%,54%,40%
Antique bronze,#665D1E,40%,36%,12%
Antique fuchsia,#915C83,57%,36%,51%
Antique ruby,#841B2D,52%,11%,18%
Antique white,#FAEBD7,98%,92%,84%
Apricot,#FBCEB1,98%,81%,69%
Aqua,#00FFFF,0%,100%,100%
Aquamarine,#7FFFD4,50%,100%,83%
Arctic lime,#D0FF14,82%,100%,8%
Artichoke green,#4B6F44,29%,44%,27%
Arylide yellow,#E9D66B,91%,84%,42%
Ash gray,#B2BEB5,70%,75%,71%
Atomic tangerine,#FF9966,100%,60%,40%
Aureolin,#FDEE00,99%,93%,0%
Azure,#007FFF,0%,50%,100%
Azure (X11/web color),#F0FFFF,94%,100%,100%
Baby blue,#89CFF0,54%,81%,94%
Baby blue eyes,#A1CAF1,63%,79%,95%
Baby pink,#F4C2C2,96%,76%,76%
Baby powder,#FEFEFA,100%,100%,98%
Baker-Miller pink,#FF91AF,100%,57%,69%
Banana Mania,#FAE7B5,98%,91%,71%
Barbie Pink,#DA1884,85%,9%,52%
Barn red,#7C0A02,49%,4%,1%
Battleship grey,#848482,52%,52%,51%
Beau blue,#BCD4E6,74%,83%,90%
Beaver,#9F8170,62%,51%,44%
Beige,#F5F5DC,96%,96%,86%
B'dazzled blue,#2E5894,18%,35%,58%
Big dip o’ruby,#9C2542,61%,15%,26%
Bisque,#FFE4C4,100%,89%,77%
Bistre,#3D2B1F,24%,17%,12%
Bistre brown,#967117,59%,44%,9%
Bitter lemon,#CAE00D,79%,88%,5%
Black,#000000,0%,0%,0%
Black bean,#3D0C02,24%,5%,1%
Black coral,#54626F,33%,38%,44%
Black olive,#3B3C36,23%,24%,21%
Black Shadows,#BFAFB2,75%,69%,70%
Blanched almond,#FFEBCD,100%,92%,80%
Blast-off bronze,#A57164,65%,44%,39%
Bleu de France,#318CE7,19%,55%,91%
Blizzard blue,#ACE5EE,67%,90%,93%
Blood red,#660000,40%,0%,0%
Blue,#0000FF,0%,0%,100%
Blue (Crayola),#1F75FE,12%,46%,100%
Blue (Munsell),#0093AF,0%,58%,69%
Blue (NCS),#0087BD,0%,53%,74%
Blue (Pantone),#0018A8,0%,9%,66%
Blue (pigment),#333399,20%,20%,60%
Blue bell,#A2A2D0,64%,64%,82%
Blue-gray (Crayola),#6699CC,40%,60%,80%
Blue jeans,#5DADEC,36%,68%,93%
Blue sapphire,#126180,7%,38%,50%
Blue-violet,#8A2BE2,54%,17%,89%
Blue yonder,#5072A7,31%,45%,65%
Bluetiful,#3C69E7,24%,41%,91%
Blush,#DE5D83,87%,36%,51%
Bole,#79443B,47%,27%,23%
Bone,#E3DAC9,89%,85%,79%
Brick red,#CB4154,80%,25%,33%
Bright lilac,#D891EF,85%,57%,94%
Bright yellow (Crayola),#FFAA1D,100%,67%,11%
British racing green,#004225,0%,26%,15%
Bronze,#CD7F32,80%,50%,20%
Brown,#964B00,59%,29%,0%
Brown sugar,#AF6E4D,69%,43%,30%
Bud green,#7BB661,48%,71%,38%
Buff,#FFC680,100%,78%,50%
Burgundy,#800020,50%,0%,13%
Burlywood,#DEB887,87%,72%,53%
Burnished brown,#A17A74,63%,48%,45%
Burnt orange,#CC5500,80%,33%,0%
Burnt sienna,#E97451,91%,45%,32%
Burnt umber,#8A3324,54%,20%,14%
Byzantine,#BD33A4,74%,20%,64%
Byzantium,#702963,44%,16%,39%
Cadet blue,#5F9EA0,37%,62%,63%
Cadet grey,#91A3B0,57%,64%,69%
Cadmium green,#006B3C,0%,42%,24%
Cadmium orange,#ED872D,93%,53%,18%
Café au lait,#A67B5B,65%,48%,36%
Café noir,#4B3621,29%,21%,13%
Cambridge blue,#A3C1AD,64%,76%,68%
Camel,#C19A6B,76%,60%,42%
Cameo pink,#EFBBCC,94%,73%,80%
Canary,#FFFF99,100%,100%,60%
Canary yellow,#FFEF00,100%,94%,0%
Candy pink,#E4717A,89%,44%,48%
Cardinal,#C41E3A,77%,12%,23%
Caribbean green,#00CC99,0%,80%,60%
Carmine,#960018,59%,0%,9%
Carmine (M&P),#D70040,84%,0%,25%
Carnation pink,#FFA6C9,100%,65%,79%
Carnelian,#B31B1B,70%,11%,11%
Carolina blue,#56A0D3,34%,63%,83%
Carrot orange,#ED9121,93%,57%,13%
Catawba,#703642,44%,21%,26%
Cedar Chest,#C95A49,79%,35%,29%
Celadon,#ACE1AF,67%,88%,69%
Celeste,#B2FFFF,70%,100%,100%
Cerise,#DE3163,87%,19%,39%
Cerulean,#007BA7,0%,48%,65%
Cerulean blue,#2A52BE,16%,32%,75%
Cerulean frost,#6D9BC3,43%,61%,76%
Cerulean (Crayola),#1DACD6,11%,67%,84%
Cerulean (RGB),#0040FF,0%,25%,100%
Champagne,#F7E7CE,97%,91%,81%
Champagne pink,#F1DDCF,95%,87%,81%
Charcoal,#36454F,21%,27%,31%
Charm pink,#E68FAC,90%,56%,67%
Chartreuse (web),#80FF00,50%,100%,0%
Cherry blossom pink,#FFB7C5,100%,72%,77%
Chestnut,#954535,58%,27%,21%
Chili red,#E23D28,89%,24%,16%
China pink,#DE6FA1,87%,44%,63%
Chinese red,#AA381E,67%,22%,12%
Chinese violet,#856088,52%,38%,53%
Chinese yellow,#FFB200,100%,70%,0%
Chocolate (traditional),#7B3F00,48%,25%,0%
Chocolate (web),#D2691E,82%,41%,12%
Cinereous,#98817B,60%,51%,48%
Cinnabar,#E34234,89%,26%,20%
Cinnamon Satin,#CD607E,80%,38%,49%
Citrine,#E4D00A,89%,82%,4%
Citron,#9FA91F,62%,66%,12%
Claret,#7F1734,50%,9%,20%
Coffee,#6F4E37,44%,31%,22%
Columbia Blue,#B9D9EB,73%,85%,92%
Congo pink,#F88379,97%,51%,47%
Cool grey,#8C92AC,55%,57%,67%
Copper,#B87333,72%,45%,20%
Copper (Crayola),#DA8A67,85%,54%,40%
Copper penny,#AD6F69,68%,44%,41%
Copper red,#CB6D51,80%,43%,32%
Copper rose,#996666,60%,40%,40%
Coquelicot,#FF3800,100%,22%,0%
Coral,#FF7F50,100%,50%,31%
Coral pink,#F88379,97%,51%,47%
Cordovan,#893F45,54%,25%,27%
Corn,#FBEC5D,98%,93%,36%
Cornflower blue,#6495ED,39%,58%,93%
Cornsilk,#FFF8DC,100%,97%,86%
Cosmic cobalt,#2E2D88,18%,18%,53%
Cosmic latte,#FFF8E7,100%,97%,91%
Coyote brown,#81613C,51%,38%,24%
Cotton candy,#FFBCD9,100%,74%,85%
Cream,#FFFDD0,100%,99%,82%
Crimson,#DC143C,86%,8%,24%
Crimson (UA),#9E1B32,62%,11%,20%
Cultured Pearl,#F5F5F5,96%,96%,96%
Cyan,#00FFFF,0%,100%,100%
Cyan (process),#00B7EB,0%,72%,92%
Cyber grape,#58427C,35%,26%,49%
Cyber yellow,#FFD300,100%,83%,0%
Cyclamen,#F56FA1,96%,44%,63%
Dandelion,#FED85D,100%,85%,36%
Dark brown,#654321,40%,26%,13%
Dark byzantium,#5D3954,36%,22%,33%
Dark cyan,#008B8B,0%,55%,55%
Dark electric blue,#536878,33%,41%,47%
Dark goldenrod,#B8860B,72%,53%,4%
Dark green (X11),#006400,0%,39%,0%
Dark jungle green,#1A2421,10%,14%,13%
Dark khaki,#BDB76B,74%,72%,42%
Dark lava,#483C32,28%,24%,20%
Dark liver (horses),#543D37,33%,24%,22%
Dark magenta,#8B008B,55%,0%,55%
Dark olive green,#556B2F,33%,42%,18%
Dark orange,#FF8C00,100%,55%,0%
Dark orchid,#9932CC,60%,20%,80%
Dark purple,#301934,19%,10%,20%
Dark red,#8B0000,55%,0%,0%
Dark salmon,#E9967A,91%,59%,48%
Dark sea green,#8FBC8F,56%,74%,56%
Dark sienna,#3C1414,24%,8%,8%
Dark sky blue,#8CBED6,55%,75%,84%
Dark slate blue,#483D8B,28%,24%,55%
Dark slate gray,#2F4F4F,18%,31%,31%
Dark spring green,#177245,9%,45%,27%
Dark turquoise,#00CED1,0%,81%,82%
Dark violet,#9400D3,58%,0%,83%
Davy's grey,#555555,33%,33%,33%
Deep cerise,#DA3287,85%,20%,53%
Deep champagne,#FAD6A5,98%,84%,65%
Deep chestnut,#B94E48,73%,31%,28%
Deep jungle green,#004B49,0%,29%,29%
Deep pink,#FF1493,100%,8%,58%
Deep saffron,#FF9933,100%,60%,20%
Deep sky blue,#00BFFF,0%,75%,100%
Deep Space Sparkle,#4A646C,29%,39%,42%
Deep taupe,#7E5E60,49%,37%,38%
Denim,#1560BD,8%,38%,74%
Denim blue,#2243B6,13%,26%,71%
Desert,#C19A6B,76%,60%,42%
Desert sand,#EDC9AF,93%,79%,69%
Dim gray,#696969,41%,41%,41%
Dodger blue,#1E90FF,12%,56%,100%
Drab dark brown,#4A412A,29%,25%,16%
Duke blue,#00009C,0%,0%,61%
Dutch white,#EFDFBB,94%,87%,73%
Ebony,#555D50,33%,36%,31%
Ecru,#C2B280,76%,70%,50%
Eerie black,#1B1B1B,11%,11%,11%
Eggplant,#614051,38%,25%,32%
Eggshell,#F0EAD6,94%,92%,84%
Electric lime,#CCFF00,80%,100%,0%
Electric purple,#BF00FF,75%,0%,100%
Electric violet,#8F00FF,56%,0%,100%
Emerald,#50C878,31%,78%,47%
Eminence,#6C3082,42%,19%,51%
English lavender,#B48395,71%,51%,58%
English red,#AB4B52,67%,29%,32%
English vermillion,#CC474B,80%,28%,29%
English violet,#563C5C,34%,24%,36%
Erin,#00FF40,0%,100%,25%
Eton blue,#96C8A2,59%,78%,64%
Fallow,#C19A6B,76%,60%,42%
Falu red,#801818,50%,9%,9%
Fandango,#B53389,71%,20%,54%
Fandango pink,#DE5285,87%,32%,52%
Fawn,#E5AA70,90%,67%,44%
Fern green,#4F7942,31%,47%,26%
Field drab,#6C541E,42%,33%,12%
Fiery rose,#FF5470,100%,33%,44%
Finn,#683068,41%,19%,41%
Firebrick,#B22222,70%,13%,13%
Fire engine red,#CE2029,81%,13%,16%
Flame,#E25822,89%,35%,13%
Flax,#EEDC82,93%,86%,51%
Flirt,#A2006D,64%,0%,43%
Floral white,#FFFAF0,100%,98%,94%
Forest green (web),#228B22,13%,55%,13%
French beige,#A67B5B,65%,48%,36%
French bistre,#856D4D,52%,43%,30%
French blue,#0072BB,0%,45%,73%
French fuchsia,#FD3F92,99%,25%,57%
French lilac,#86608E,53%,38%,56%
French lime,#9EFD38,62%,99%,22%
French mauve,#D473D4,83%,45%,83%
French pink,#FD6C9E,99%,42%,62%
French raspberry,#C72C48,78%,17%,28%
French sky blue,#77B5FE,47%,71%,100%
French violet,#8806CE,53%,2%,81%
Frostbite,#E936A7,91%,21%,65%
Fuchsia,#FF00FF,100%,0%,100%
Fuchsia (Crayola),#C154C1,76%,33%,76%
Fulvous,#E48400,89%,52%,0%
Fuzzy Wuzzy,#87421F,53%,26%,12%
Gainsboro,#DCDCDC,86%,86%,86%
Gamboge,#E49B0F,89%,61%,6%
Generic viridian,#007F66,0%,50%,40%
Ghost white,#F8F8FF,97%,97%,100%
Glaucous,#6082B6,38%,51%,71%
Glossy grape,#AB92B3,67%,57%,70%
GO green,#00AB66,0%,67%,40%
Gold (metallic),#D4AF37,83%,69%,22%
Gold (web) (Golden),#FFD700,100%,84%,0%
Gold (Crayola),#E6BE8A,90%,75%,54%
Gold Fusion,#85754E,52%,46%,31%
Golden brown,#996515,60%,40%,8%
Golden poppy,#FCC200,99%,76%,0%
Golden yellow,#FFDF00,100%,87%,0%
Goldenrod,#DAA520,85%,65%,13%
Gotham green,#00573F,0%,34%,25%
Granite gray,#676767,40%,40%,40%
Granny Smith apple,#A8E4A0,66%,89%,63%
Gray (web),#808080,50%,50%,50%
Gray (X11 gray),#BEBEBE,75%,75%,75%
Green,#00FF00,0%,100%,0%
Green (Crayola),#1CAC78,11%,67%,47%
Green (web),#008000,0%,50%,0%
Green (Munsell),#00A877,0%,66%,47%
Green (NCS),#009F6B,0%,62%,42%
Green (Pantone),#00AD43,0%,68%,26%
Green (pigment),#00A550,0%,65%,31%
Green-blue,#1164B4,7%,39%,71%
Green Lizard,#A7F432,65%,96%,20%
Green Sheen,#6EAEA1,43%,68%,63%
Gunmetal,#2a3439,16%,20%,22%
Hansa yellow,#E9D66B,91%,84%,42%
Harlequin,#3FFF00,25%,100%,0%
Harvest gold,#DA9100,85%,57%,0%
Heat Wave,#FF7A00,100%,48%,0%
Heliotrope,#DF73FF,87%,45%,100%
Heliotrope gray,#AA98A9,67%,60%,66%
Hollywood cerise,#F400A1,96%,0%,63%
Honolulu blue,#006DB0,0%,43%,69%
Hooker's green,#49796B,29%,47%,42%
Hot magenta[broken anchor],#FF1DCE,100%,11%,81%
Hot pink,#FF69B4,100%,41%,71%
Hunter green,#355E3B,21%,37%,23%
Iceberg,#71A6D2,44%,65%,82%
Illuminating emerald,#319177,19%,57%,47%
Imperial red,#ED2939,93%,16%,22%
Inchworm,#B2EC5D,70%,93%,36%
Independence,#4C516D,30%,32%,43%
India green,#138808,7%,53%,3%
Indian red,#CD5C5C,80%,36%,36%
Indian yellow,#E3A857,89%,66%,34%
Indigo,#6A5DFF,42%,36%,100%
Indigo dye,#00416A,0%,25%,42%
International Klein Blue,#130a8f,7%,4%,56%
International orange (engineering),#BA160C,73%,9%,5%
International orange (Golden Gate Bridge),#C0362C,75%,21%,17%
Irresistible,#B3446C,70%,27%,42%
Isabelline,#F4F0EC,96%,94%,93%
Italian sky blue,#B2FFFF,70%,100%,100%
Ivory,#FFFFF0,100%,100%,94%
Japanese carmine,#9D2933,62%,16%,20%
Japanese violet,#5B3256,36%,20%,34%
Jasmine,#F8DE7E,97%,87%,49%
Jazzberry jam,#A50B5E,65%,4%,37%
Jet,#343434,20%,20%,20%
Jonquil,#F4CA16,96%,79%,9%
June bud,#BDDA57,74%,85%,34%
Jungle green,#29AB87,16%,67%,53%
Kelly green,#4CBB17,30%,73%,9%
Keppel,#3AB09E,23%,69%,62%
Key lime,#E8F48C,91%,96%,55%
Khaki (web),#C3B091,76%,69%,57%
Khaki (X11) (Light khaki),#F0E68C,94%,90%,55%
Kobe,#882D17,53%,18%,9%
Kobi,#E79FC4,91%,62%,77%
Kobicha,#6B4423,42%,27%,14%
KSU purple,#512888,31%,15%,51%
Languid lavender,#D6CADD,84%,79%,87%
Lapis lazuli,#26619C,15%,38%,61%
Laser lemon,#FFFF66,100%,100%,40%
Laurel green,#A9BA9D,66%,73%,62%
Lava,#CF1020,81%,6%,13%
Lavender (floral),#B57EDC,71%,49%,86%
Lavender (web),#E6E6FA,90%,90%,98%
Lavender blue,#CCCCFF,80%,80%,100%
Lavender blush,#FFF0F5,100%,94%,96%
Lavender gray,#C4C3D0,77%,76%,82%
Lawn green,#7CFC00,49%,99%,0%
Lemon,#FFF700,100%,97%,0%
Lemon chiffon,#FFFACD,100%,98%,80%
Lemon curry,#CCA01D,80%,63%,11%
Lemon glacier,#FDFF00,99%,100%,0%
Lemon meringue,#F6EABE,96%,92%,75%
Lemon yellow,#FFF44F,100%,96%,31%
Lemon yellow (Crayola),#FFFF9F,100%,100%,62%
Liberty,#545AA7,33%,35%,65%
Light blue,#ADD8E6,68%,85%,90%
Light coral,#F08080,94%,50%,50%
Light cornflower blue,#93CCEA,58%,80%,92%
Light cyan,#E0FFFF,88%,100%,100%
Light French beige,#C8AD7F,78%,68%,50%
Light goldenrod yellow,#FAFAD2,98%,98%,82%
Light gray,#D3D3D3,83%,83%,83%
Light green,#90EE90,56%,93%,56%
Light orange,#FED8B1,100%,85%,69%
Light periwinkle,#C5CBE1,77%,80%,88%
Light pink,#FFB6C1,100%,71%,76%
Light purple,#D8BFD8,85%,75%,85%
Light salmon,#FFA07A,100%,63%,48%
Light sea green,#20B2AA,13%,70%,67%
Light sky blue,#87CEFA,53%,81%,98%
Light slate gray,#778899,47%,53%,60%
Light steel blue,#B0C4DE,69%,77%,87%
Light yellow,#FFFFE0,100%,100%,88%
Lilac,#C8A2C8,78%,64%,78%
Lilac Luster,#AE98AA,68%,60%,67%
Lime (color wheel),#BFFF00,75%,100%,0%
Lime (web) (X11 green),#00FF00,0%,100%,0%
Lime green,#32CD32,20%,80%,20%
Lincoln green,#195905,10%,35%,2%
Linen,#FAF0E6,98%,94%,90%
Lion,#DECC9C,87%,80%,61%
Liseran purple,#DE6FA1,87%,44%,63%
Little boy blue,#6CA0DC,42%,63%,86%
Liver,#674C47,40%,30%,28%
Liver (dogs),#B86D29,72%,43%,16%
Liver (organ),#6C2E1F,42%,18%,12%
Liver chestnut,#987456,60%,45%,34%
Livid,#6699CC,40%,60%,80%
Macaroni and Cheese,#FFBD88,100%,74%,53%
Madder Lake,#CC3336,80%,20%,21%
Magenta,#FF00FF,100%,0%,100%
Magenta (Crayola)[broken anchor],#F653A6,96%,33%,65%
Magenta (dye),#CA1F7B,79%,12%,48%
Magenta (Pantone),#D0417E,82%,25%,49%
Magenta (process),#FF0090,100%,0%,56%
Magenta haze,#9F4576,62%,27%,46%
Magic mint,#AAF0D1,67%,94%,82%
Magnolia,#F2E8D7,95%,91%,84%
Mahogany,#C04000,75%,25%,0%
Maize,#FBEC5D,98%,93%,36%
Maize (Crayola),#F2C649,95%,78%,29%
Majorelle blue,#6050DC,38%,31%,86%
Malachite,#0BDA51,4%,85%,32%
Manatee,#979AAA,59%,60%,67%
Mandarin,#F37A48,95%,48%,28%
Mango,#FDBE02,99%,75%,1%
Mango Tango,#FF8243,100%,51%,26%
Mantis,#74C365,45%,76%,40%
Mardi Gras,#880085,53%,0%,52%
Marigold,#EAA221,92%,64%,13%
Maroon (Crayola),#C32148,76%,13%,28%
Maroon (web),#800000,50%,0%,0%
Maroon (X11),#B03060,69%,19%,38%
Mauve,#E0B0FF,88%,69%,100%
Mauve taupe,#915F6D,57%,37%,43%
Mauvelous,#EF98AA,94%,60%,67%
Maximum blue,#47ABCC,28%,67%,80%
Maximum blue green,#30BFBF,19%,75%,75%
Maximum blue purple,#ACACE6,67%,67%,90%
Maximum green,#5E8C31,37%,55%,19%
Maximum green yellow,#D9E650,85%,90%,31%
Maximum purple,#733380,45%,20%,50%
Maximum red,#D92121,85%,13%,13%
Maximum red purple,#A63A79,65%,23%,47%
Maximum yellow,#FAFA37,98%,98%,22%
Maximum yellow red,#F2BA49,95%,73%,29%
May green,#4C9141,30%,57%,25%
Maya blue,#73C2FB,45%,76%,98%
Medium aquamarine,#66DDAA,40%,87%,67%
Medium blue,#0000CD,0%,0%,80%
Medium candy apple red,#E2062C,89%,2%,17%
Medium carmine,#AF4035,69%,25%,21%
Medium champagne,#F3E5AB,95%,90%,67%
Medium orchid,#BA55D3,73%,33%,83%
Medium purple,#9370DB,58%,44%,86%
Medium sea green,#3CB371,24%,70%,44%
Medium slate blue,#7B68EE,48%,41%,93%
Medium spring green,#00FA9A,0%,98%,60%
Medium turquoise,#48D1CC,28%,82%,80%
Medium violet-red,#C71585,78%,8%,52%
Mellow apricot,#F8B878,97%,72%,47%
Mellow yellow,#F8DE7E,97%,87%,49%
Melon,#FEBAAD,100%,73%,68%
Metallic gold,#D3AF37,83%,69%,22%
Metallic Seaweed,#0A7E8C,4%,49%,55%
Metallic Sunburst,#9C7C38,61%,49%,22%
Mexican pink,#E4007C,89%,0%,49%
Middle blue,#7ED4E6,49%,83%,90%
Middle blue green,#8DD9CC,55%,85%,80%
Middle blue purple,#8B72BE,55%,45%,75%
Middle grey,#8B8680,55%,53%,50%
Middle green,#4D8C57,30%,55%,34%
Middle green yellow,#ACBF60,67%,75%,38%
Middle purple,#D982B5,85%,51%,71%
Middle red,#E58E73,90%,56%,45%
Middle red purple,#A55353,65%,33%,33%
Middle yellow,#FFEB00,100%,92%,0%
Middle yellow red,#ECB176,93%,69%,46%
Midnight,#702670,44%,15%,44%
Midnight blue,#191970,10%,10%,44%
Midnight green (eagle green),#004953,0%,29%,33%
Mikado yellow,#FFC40C,100%,77%,5%
Mimi pink,#FFDAE9,100%,85%,91%
Mindaro,#E3F988,89%,98%,53%
Ming,#36747D,21%,45%,49%
Minion yellow,#F5E050,96%,86%,31%
Mint,#3EB489,24%,71%,54%
Mint cream,#F5FFFA,96%,100%,98%
Mint green,#98FF98,60%,100%,60%
Misty moss,#BBB477,73%,71%,47%
Misty rose,#FFE4E1,100%,89%,88%
Moccasin,#FFE4B5,100%,89%,71%
Mode beige,#967117,59%,44%,9%
Mona Lisa,#FF948E,100%,58%,56%
Morning blue,#8DA399,55%,64%,60%
Moss green,#8A9A5B,54%,60%,36%
Mountain Meadow,#30BA8F,19%,73%,56%
Mountbatten pink,#997A8D,60%,48%,55%
MSU green,#18453B,9%,27%,23%
Mulberry,#C54B8C,77%,29%,55%
Mulberry (Crayola),#C8509B,78%,31%,61%
Mustard,#FFDB58,100%,86%,35%
Myrtle green,#317873,19%,47%,45%
Mystic,#D65282,84%,32%,51%
Mystic maroon,#AD4379,68%,26%,47%
Nadeshiko pink,#F6ADC6,96%,68%,78%
Naples yellow,#FADA5E,98%,85%,37%
Navajo white,#FFDEAD,100%,87%,68%
Navy blue,#000080,0%,0%,50%
Navy blue (Crayola),#1974D2,10%,45%,82%
Neon blue,#4666FF,27%,40%,100%
Neon green,#39FF14,22%,100%,8%
Neon fuchsia,#FE4164,100%,25%,39%
New Car,#214FC6,13%,31%,78%
New York pink,#D7837F,84%,51%,50%
Nickel,#727472,45%,45%,45%
Non-photo blue,#A4DDED,64%,87%,93%
Nyanza,#E9FFDB,91%,100%,86%
Ochre,#CC7722,80%,47%,13%
Old burgundy,#43302E,26%,19%,18%
Old gold,#CFB53B,81%,71%,23%
Old lace,#FDF5E6,99%,96%,90%
Old lavender,#796878,47%,41%,47%
Old mauve,#673147,40%,19%,28%
Old rose,#C08081,75%,50%,51%
Old silver,#848482,52%,52%,51%
Olive,#808000,50%,50%,0%
Olive Drab (#3),#6B8E23,42%,56%,14%
Olive Drab #7,#3C341F,24%,20%,12%
Olive green,#B5B35C,71%,70%,36%
Olivine,#9AB973,60%,73%,45%
Onyx,#353839,21%,22%,22%
Opal,#A8C3BC,66%,76%,74%
Opera mauve,#B784A7,72%,52%,65%
Orange,#FF7F00,100%,50%,0%
Orange (Crayola),#FF7538,100%,46%,22%
Orange (Pantone),#FF5800,100%,35%,0%
Orange (web),#FFA500,100%,65%,0%
Orange peel,#FF9F00,100%,62%,0%
Orange-red,#FF681F,100%,41%,12%
Orange-red (Crayola),#FF5349,100%,33%,29%
Orange soda,#FA5B3D,98%,36%,24%
Orange-yellow,#F5BD1F,96%,74%,12%
Orange-yellow (Crayola),#F8D568,97%,84%,41%
Orchid,#DA70D6,85%,44%,84%
Orchid pink,#F2BDCD,95%,74%,80%
Orchid (Crayola),#E29CD2,89%,61%,82%
Outer space (Crayola),#2D383A,18%,22%,23%
Outrageous Orange,#FF6E4A,100%,43%,29%
Oxblood,#4A0000,29%,0%,0%
Oxford blue,#002147,0%,13%,28%
OU Crimson red,#841617,52%,9%,9%
Pacific blue,#1CA9C9,11%,66%,79%
Pakistan green,#006600,0%,40%,0%
Palatinate purple,#682860,41%,16%,38%
Pale aqua,#BED3E5,75%,83%,90%
Pale cerulean,#9BC4E2,61%,77%,89%
Pale Dogwood,#ED7A9B,93%,48%,61%
Pale pink,#FADADD,98%,85%,87%
Pale purple (Pantone),#FAE6FA,98%,90%,98%
Pale spring bud,#ECEBBD,93%,92%,74%
Pansy purple,#78184A,47%,9%,29%
Paolo Veronese green,#009B7D,0%,61%,49%
Papaya whip,#FFEFD5,100%,94%,84%
Paradise pink,#E63E62,90%,24%,38%
Parchment,#F1E9D2,95%,91%,82%
Paris Green,#50C878,31%,78%,47%
Pastel pink,#DEA5A4,87%,65%,64%
Patriarch,#800080,50%,0%,50%
Paua,#1F005E,12%,0%,37%
Payne's grey,#536878,33%,41%,47%
Peach,#FFE5B4,100%,90%,71%
Peach (Crayola),#FFCBA4,100%,80%,64%
Peach puff,#FFDAB9,100%,85%,73%
Pear,#D1E231,82%,89%,19%
Pearly purple,#B768A2,72%,41%,64%
Periwinkle,#CCCCFF,80%,80%,100%
Periwinkle (Crayola),#C3CDE6,76%,80%,90%
Permanent Geranium Lake,#E12C2C,88%,17%,17%
Persian blue,#1C39BB,11%,22%,73%
Persian green,#00A693,0%,65%,58%
Persian indigo,#32127A,20%,7%,48%
Persian orange,#D99058,85%,56%,35%
Persian pink,#F77FBE,97%,50%,75%
Persian plum,#701C1C,44%,11%,11%
Persian red,#CC3333,80%,20%,20%
Persian rose,#FE28A2,100%,16%,64%
Persimmon,#EC5800,93%,35%,0%
Pewter Blue,#8BA8B7,55%,66%,72%
Phlox,#DF00FF,87%,0%,100%
Phthalo blue,#000F89,0%,6%,54%
Phthalo green,#123524,7%,21%,14%
Picotee blue,#2E2787,18%,15%,53%
Pictorial carmine,#C30B4E,76%,4%,31%
Piggy pink,#FDDDE6,99%,87%,90%
Pine green,#01796F,0%,47%,44%
Pine green,#2A2F23,16%,18%,14%
Pink,#FFC0CB,100%,75%,80%
Pink (Pantone),#D74894,84%,28%,58%
Pink lace,#FFDDF4,100%,87%,96%
Pink lavender,#D8B2D1,85%,70%,82%
Pink Sherbet,#F78FA7,97%,56%,65%
Pistachio,#93C572,58%,77%,45%
Platinum,#E5E4E2,90%,89%,89%
Plum,#8E4585,56%,27%,52%
Plum (web),#DDA0DD,87%,63%,87%
Plump Purple,#5946B2,35%,27%,70%
Polished Pine,#5DA493,36%,64%,58%
Pomp and Power,#86608E,53%,38%,56%
Popstar,#BE4F62,75%,31%,38%
Portland Orange,#FF5A36,100%,35%,21%
Powder blue,#B0E0E6,69%,88%,90%
Prairie gold,#E1CA7A,88%,79%,48%
Princeton orange,#F58025,96%,50%,15%
Prune,#701C1C,44%,11%,11%
Prussian blue,#003153,0%,19%,33%
Psychedelic purple,#DF00FF,87%,0%,100%
Puce,#CC8899,80%,53%,60%
Pullman Brown (UPS Brown),#644117,39%,25%,9%
Pumpkin,#FF7518,100%,46%,9%
Purple,#6A0DAD,38%,0%,50%
Purple (web),#800080,50%,0%,50%
Purple (Munsell),#9F00C5,62%,0%,77%
Purple (X11),#A020F0,63%,13%,94%
Purple mountain majesty,#9678B6,59%,47%,71%
Purple navy,#4E5180,31%,32%,50%
Purple pizzazz[broken anchor],#FE4EDA,100%,31%,85%
Purple Plum,#9C51B6,61%,32%,71%
Purpureus,#9A4EAE,60%,31%,68%
Queen blue,#436B95,26%,42%,58%
Queen pink,#E8CCD7,91%,80%,84%
Quick Silver,#A6A6A6,65%,65%,65%
Quinacridone magenta,#8E3A59,56%,23%,35%
Radical Red,#FF355E,100%,21%,37%
Raisin black,#242124,14%,13%,14%
Rajah,#FBAB60,98%,67%,38%
Raspberry,#E30B5D,89%,4%,36%
Raspberry glacé,#915F6D,57%,37%,43%
Raspberry rose,#B3446C,70%,27%,42%
Raw sienna,#D68A59,84%,54%,35%
Raw umber,#826644,51%,40%,27%
Razzle dazzle rose,#FF33CC,100%,20%,80%
Razzmatazz,#E3256B,89%,15%,42%
Razzmic Berry,#8D4E85,55%,31%,52%
Rebecca Purple,#663399,40%,20%,60%
Red,#FF0000,100%,0%,0%
Red (Crayola),#EE204D,93%,13%,30%
Red (Munsell),#F2003C,95%,0%,24%
Red (NCS),#C40233,77%,1%,20%
Red (Pantone),#ED2939,93%,16%,22%
Red (pigment),#ED1C24,93%,11%,14%
Red (RYB),#FE2712,100%,15%,7%
Red-orange,#FF5349,100%,33%,29%
Red-orange (Crayola),#FF681F,100%,41%,12%
Red-orange (Color wheel),#FF4500,100%,27%,0%
Red-purple,#E40078,89%,0%,47%
Red Salsa,#FD3A4A,99%,23%,29%
Red-violet,#C71585,78%,8%,52%
Red-violet (Crayola),#C0448F,75%,27%,56%
Red-violet (Color wheel),#922B3E,57%,17%,24%
Redwood,#A45A52,64%,35%,32%
Resolution blue,#002387,0%,14%,53%
Rhythm,#777696,47%,46%,59%
Rich black,#004040,0%,25%,25%
Rich black (FOGRA29),#010B13,0%,4%,7%
Rich black (FOGRA39),#010203,0%,1%,1%
Rifle green,#444C38,27%,30%,22%
Robin egg blue,#00CCCC,0%,80%,80%
Rocket metallic,#8A7F80,54%,50%,50%
Rojo Spanish red,#A91101,66%,7%,0%
Roman silver,#838996,51%,54%,59%
Rose,#FF007F,100%,0%,50%
Rose bonbon,#F9429E,98%,26%,62%
Rose Dust,#9E5E6F,62%,37%,44%
Rose ebony,#674846,40%,28%,27%
Rose madder,#E32636,89%,15%,21%
Rose pink,#FF66CC,100%,40%,80%
Rose Pompadour,#ED7A9B,93%,48%,61%
Rose red,#C21E56,76%,12%,34%
Rose taupe,#905D5D,56%,36%,36%
Rose vale,#AB4E52,67%,31%,32%
Rosewood,#65000B,40%,0%,4%
Rosso corsa,#D40000,83%,0%,0%
Rosy brown,#BC8F8F,74%,56%,56%
Royal blue (dark),#002366,0%,14%,40%
Royal blue (light),#4169E1,25%,41%,88%
Royal purple,#7851A9,47%,32%,66%
Royal yellow,#FADA5E,98%,85%,37%
Ruber,#CE4676,81%,27%,46%
Rubine red,#D10056,82%,0%,34%
Ruby,#E0115F,88%,7%,37%
Ruby red,#9B111E,61%,7%,12%
Rufous,#A81C07,66%,11%,3%
Russet,#80461B,50%,27%,11%
Russian green,#679267,40%,57%,40%
Russian violet,#32174D,20%,9%,30%
Rust,#B7410E,72%,25%,5%
Rusty red,#DA2C43,85%,17%,26%
Sacramento State green,#043927,2%,22%,15%
Saddle brown,#8B4513,55%,27%,7%
Safety orange,#FF7800,100%,47%,0%
Safety orange (blaze orange),#FF6700,100%,40%,0%
Safety yellow,#EED202,93%,82%,1%
Saffron,#F4C430,96%,77%,19%
Sage,#BCB88A,74%,72%,54%
St. Patrick's blue,#23297A,14%,16%,48%
Salmon,#FA8072,98%,50%,45%
Salmon pink,#FF91A4,100%,57%,64%
Sand,#C2B280,76%,70%,50%
Sand dune,#967117,59%,44%,9%
Sandy brown,#F4A460,96%,64%,38%
Sap green,#507D2A,31%,49%,16%
Sapphire,#0F52BA,6%,32%,73%
Sapphire blue,#0067A5,0%,40%,65%
Sapphire (Crayola),#2D5DA1,18%,36%,63%
Satin sheen gold,#CBA135,80%,63%,21%
Scarlet,#FF2400,100%,14%,0%
Schauss pink,#FF91AF,100%,57%,69%
School bus yellow,#FFD800,100%,85%,0%
Screamin' Green,#66FF66,40%,100%,40%
Sea green,#2E8B57,18%,55%,34%
Sea green (Crayola),#00FFCD,0%,100%,80%
Seance,#612086,38%,13%,53%
Seal brown,#59260B,20%,8%,8%
Seashell,#FFF5EE,100%,96%,93%
Secret,#764374,46%,26%,45%
Selective yellow,#FFBA00,100%,73%,0%
Sepia,#704214,44%,26%,8%
Shadow,#8A795D,54%,47%,36%
Shadow blue,#778BA5,47%,55%,65%
Shamrock green,#009E60,0%,62%,38%
Sheen green,#8FD400,56%,83%,0%
Shimmering Blush,#D98695,85%,53%,58%
Shiny Shamrock,#5FA778,37%,65%,47%
Shocking pink,#FC0FC0,99%,6%,75%
Shocking pink (Crayola),#FF6FFF,100%,44%,100%
Sienna,#882D17,53%,18%,9%
Silver,#C0C0C0,75%,75%,75%
Silver (Crayola),#C9C0BB,79%,75%,73%
Silver (Metallic),#AAA9AD,67%,66%,68%
Silver chalice,#ACACAC,67%,67%,67%
Silver pink,#C4AEAD,77%,68%,68%
Silver sand,#BFC1C2,75%,76%,76%
Sinopia,#CB410B,80%,25%,4%
Sizzling Red,#FF3855,100%,22%,33%
Sizzling Sunrise,#FFDB00,100%,86%,0%
Skobeloff,#007474,0%,45%,45%
Sky blue,#87CEEB,53%,81%,92%
Sky blue (Crayola),#76D7EA,46%,84%,92%
Sky magenta,#CF71AF,81%,44%,69%
Slate blue,#6A5ACD,42%,35%,80%
Slate gray,#708090,44%,50%,56%
Slimy green,#299617,16%,59%,9%
Smitten,#C84186,78%,25%,53%
Smoky black,#100C08,6%,5%,3%
Snow,#FFFAFA,100%,98%,98%
Solid pink,#893843,54%,22%,26%
Sonic silver,#757575,46%,46%,46%
Space cadet,#1D2951,11%,16%,32%
Spanish bistre,#807532,50%,46%,20%
Spanish blue,#0070B8,0%,44%,72%
Spanish carmine,#D10047,82%,0%,28%
Spanish gray,#989898,60%,60%,60%
Spanish green,#009150,0%,57%,31%
Spanish orange,#E86100,91%,38%,0%
Spanish pink,#F7BFBE,97%,75%,75%
Spanish red,#E60026,90%,0%,15%
Spanish sky blue,#00FFFE,0%,100%,100%
Spanish violet,#4C2882,30%,16%,51%
Spanish viridian,#007F5C,0%,50%,36%
Spring bud,#A7FC00,65%,99%,0%
Spring Frost,#87FF2A,53%,100%,16%
Spring green,#00FF7F,0%,100%,50%
Spring green (Crayola),#ECEBBD,93%,92%,74%
Star command blue,#007BB8,0%,48%,72%
Steel blue,#4682B4,27%,51%,71%
Steel pink,#CC33CC,80%,20%,80%
Stil de grain yellow,#FADA5E,98%,85%,37%
Straw,#E4D96F,89%,85%,44%
Strawberry,#FA5053,98%,31%,33%
Strawberry Blonde,#FF9361,100%,58%,38%
Strong Lime Green,#33CC33,20%,80%,20%
Sugar Plum,#914E75,57%,31%,46%
Sunglow,#FFCC33,100%,80%,20%
Sunray,#E3AB57,89%,67%,34%
Sunset,#FAD6A5,98%,84%,65%
Super pink,#CF6BA9,81%,42%,66%
Sweet Brown,#A83731,66%,22%,19%
Syracuse Orange,#D44500,83%,27%,0%
Tan,#D2B48C,82%,71%,55%
Tan (Crayola),#D99A6C,85%,60%,42%
Tangerine,#F28500,95%,52%,0%
Tango pink,#E4717A,89%,44%,48%
Tart Orange,#FB4D46,98%,30%,27%
Taupe,#483C32,28%,24%,20%
Taupe gray,#8B8589,55%,52%,54%
Tea green,#D0F0C0,82%,94%,75%
Tea rose,#F4C2C2,96%,76%,76%
Teal,#008080,0%,50%,50%
Teal blue,#367588,21%,46%,53%
Technobotanica,#00FFBF,0%,100%,75%
Telemagenta,#CF3476,81%,20%,46%
Tenné (tawny),#CD5700,80%,34%,0%
Terra cotta,#E2725B,89%,45%,36%
Thistle,#D8BFD8,85%,75%,85%
Thulian pink,#DE6FA1,87%,44%,63%
Tickle Me Pink,#FC89AC,99%,54%,67%
Tiffany Blue,#0ABAB5,4%,73%,71%
Timberwolf,#DBD7D2,86%,84%,82%
Titanium yellow,#EEE600,93%,90%,0%
Tomato,#FF6347,100%,39%,28%
Tourmaline,#86A1A9,53%,63%,66%
Tropical rainforest,#00755E,0%,46%,37%
True Blue,#2D68C4,0%,45%,81%
Trypan Blue,#1C05B3,11%,2%,70%
Tufts blue,#3E8EDE,24%,56%,87%
Tumbleweed,#DEAA88,87%,67%,53%
Turquoise,#40E0D0,25%,88%,82%
Turquoise blue,#00FFEF,0%,100%,94%
Turquoise green,#A0D6B4,63%,84%,71%
Turtle green,#8A9A5B,54%,60%,36%
Tuscan,#FAD6A5,98%,84%,65%
Tuscan brown,#6F4E37,44%,31%,22%
Tuscan red,#7C4848,49%,28%,28%
Tuscan tan,#A67B5B,65%,48%,36%
Tuscany,#C09999,75%,60%,60%
Twilight lavender,#8A496B,54%,29%,42%
Tyrian purple,#66023C,40%,1%,24%
UA blue,#0033AA,0%,20%,67%
UA red,#D9004C,85%,0%,30%
Ultramarine,#3F00FF,7%,4%,56%
Ultramarine blue,#4166F5,25%,40%,96%
Ultra pink,#FF6FFF,100%,44%,100%
Ultra red,#FC6C85,99%,42%,52%
Umber,#635147,39%,32%,28%
Unbleached silk,#FFDDCA,100%,87%,79%
United Nations blue,#009EDB,0%,62%,86%
University of Pennsylvania red,#A50021,65%,0%,13%
Unmellow yellow,#FFFF66,100%,100%,40%
UP Forest green,#014421,0%,27%,13%
UP maroon,#7B1113,48%,7%,7%
Upsdell red,#AE2029,68%,13%,16%
Uranian blue,#AFDBF5,69%,86%,96%
USAFA blue,#004F98,0%,31%,60%
Van Dyke brown,#664228,40%,26%,16%
Vanilla,#F3E5AB,95%,90%,67%
Vanilla ice,#F38FA9,95%,56%,66%
Vegas gold,#C5B358,77%,70%,35%
Venetian red,#C80815,78%,3%,8%
Verdigris,#43B3AE,26%,70%,68%
Vermilion,#E34234,89%,26%,20%
Vermilion,#D9381E,85%,22%,12%
Veronica,#A020F0,63%,13%,94%
Violet,#8F00FF,56%,0%,100%
Violet (color wheel),#7F00FF,50%,0%,100%
Violet (crayola),#963D7F,59%,24%,50%
Violet (RYB),#8601AF,53%,0%,69%
Violet (web),#EE82EE,93%,51%,93%
Violet-blue,#324AB2,20%,29%,70%
Violet-blue (Crayola),#766EC8,46%,43%,78%
Violet-red,#F75394,97%,33%,58%
Violet-red(PerBang),#F0599C,94%,35%,61%
Viridian,#40826D,25%,51%,43%
Viridian green,#009698,0%,59%,60%
Vivid burgundy,#9F1D35,62%,11%,21%
Vivid sky blue,#00CCFF,0%,80%,100%
Vivid tangerine,#FFA089,100%,63%,54%
Vivid violet,#9F00FF,62%,0%,100%
Volt,#CEFF00,80%,100%,0%
Warm black,#004242,0%,26%,26%
Weezy Blue,#189BCC,9%,61%,80%
Wheat,#F5DEB3,96%,87%,70%
White,#FFFFFF,100%,100%,100%
Wild blue yonder,#A2ADD0,64%,68%,82%
Wild orchid,#D470A2,83%,44%,64%
Wild Strawberry,#FF43A4,100%,26%,64%
Wild watermelon,#FC6C85,99%,42%,52%
Windsor tan,#A75502,65%,33%,1%
Wine,#722F37,45%,18%,22%
Wine dregs,#673147,40%,19%,28%
Winter Sky,#FF007C,100%,0%,49%
Wintergreen Dream,#56887D,34%,53%,49%
Wisteria,#C9A0DC,79%,63%,86%
Wood brown,#C19A6B,76%,60%,42%
Xanadu,#738678,45%,53%,47%
Xanthic,#EEED09,93%,93%,4%
Xanthous,#F1B42F,95%,71%,18%
Yale Blue,#00356B,0%,21%,42%
Yellow,#FFFF00,100%,100%,0%
Yellow (Crayola),#FCE883,99%,91%,51%
Yellow (Munsell),#EFCC00,94%,80%,0%
Yellow (NCS),#FFD300,100%,83%,0%
Yellow (Pantone),#FEDF00,100%,87%,0%
Yellow (process),#FFEF00,100%,94%,0%
Yellow (RYB),#FEFE33,100%,100%,20%
Yellow-green,#9ACD32,60%,80%,20%
Yellow-green (Crayola),#C5E384,77%,89%,52%
Yellow-green (Color Wheel),#30B21A,19%,70%,10%
Yellow Orange,#FFAE42,100%,68%,26%
Yellow Orange (Color Wheel),#FF9505,100%,58%,2%
Yellow Sunshine,#FFF700,100%,97%,0%
YInMn Blue,#2E5090,18%,31%,56%
Zaffre,#0014A8,0%,8%,66%
Zinnwaldite brown,#2C1608,17%,9%,3%
Zomp,#39A78E,22%,65%,56%
